posts/outils-et-services.md	Outils et services	draft	draft
posts/nas-maison-raspberry-pi4-quad-sata.md	Home made  nas	2023-09-12T10:38:36+02:00	2023-09-12T12:47:18+02:00
posts/ecppt-course-and-exam-review.md	[en] eCPPT course and exam review	2023-09-11T19:01:55+02:00	2023-09-11T19:01:55+02:00
posts/configurer-un-umask-plus-securise.md	Configurer un umask + securisé	2023-09-11T19:01:55+02:00	2023-09-11T19:01:55+02:00
posts/chiffrement-des-backups-dans-le-cloud.md	Chiffrer ses backups dans le cloud	2023-09-11T19:01:55+02:00	2023-09-11T19:01:55+02:00
posts/anti-seche-vim.md	Antisèche vim	2023-09-11T19:01:55+02:00	2023-09-11T19:01:55+02:00
posts/anatomie-dune-attaque-informatique.md	Anatomie d'une attaque informatique	2023-09-11T19:01:55+02:00	2023-09-11T19:01:55+02:00
posts/2023-08-17-busqueda.md	htb Busqueda	2023-09-11T19:01:55+02:00	2023-09-11T19:01:55+02:00
posts/2022-02-17-blackfield-hackthebox.md	htb blackfield	2023-09-11T19:01:55+02:00	2023-09-11T19:01:55+02:00
posts/2020-10-29-fuse.md	htb fuse	2023-09-11T19:01:55+02:00	2023-09-11T19:01:55+02:00
posts/2020-09-29-admirer.md	htb admirer	2023-09-11T19:01:55+02:00	2023-09-11T19:01:55+02:00
posts/2020-09-02-buff.md	attacker	2023-09-11T19:01:55+02:00	2023-09-11T19:01:55+02:00
posts/2020-06-16-blunder.md	htb blunder	2023-09-11T19:01:55+02:00	2023-09-11T19:01:55+02:00
